tweet,created_at,cleaned_tweet,sentiment_score,sentiment_category
"@hexographer @9mm_pro Nice, Mud flood Tartarian OGs ! ü§ØüòÇ https://t.co/iiwonrKncm",2025-03-22 14:18:09+00:00,  Nice Mud flood Tartarian OGs   ,0.6,Positive
"RT @ChrisVanHollen: NOAA does a lot of things, but one of the most important things they do is deliver lifesaving forecasts through the Nat‚Ä¶",2025-03-22 14:18:09+00:00,RT  NOAA does a lot of things but one of the most important things they do is deliver lifesaving forecasts through the Nat,0.45,Positive
"RT @Devindick611: My balls are telling me the weather is getting hotter üî•

 #candidnudity #boxerbriefs #boysinunderwear #circumcized #cock‚Ä¶",2025-03-22 14:18:09+00:00,RT  My balls are telling me the weather is getting hotter    candidnudity boxerbriefs boysinunderwear circumcized cock,0.0,Neutral
Enjoying a cup of coffee and the calm before the storm Looking forward to diving into some creative projects today! #NoHashtags (adjusted to fit your requirem,2025-03-22 14:18:09+00:00,Enjoying a cup of coffee and the calm before the storm Looking forward to diving into some creative projects today NoHashtags adjusted to fit your requirem,0.42500000000000004,Positive
RT @toobaffled: üö®How weather manipulation works. Keep in mind that they want all living things to be sick or dead. https://t.co/BdwnQsiROO,2025-03-22 14:18:08+00:00,RT  How weather manipulation works Keep in mind that they want all living things to be sick or dead ,-0.4571428571428572,Negative
"RT @IAmVarunTej: Glad to reveal this fire-filled CDP that involves a deadly storm &amp; defeaning silence in a single frame ‚ö°ü§´

Here's the #PKS‚Ä¶",2025-03-22 14:18:08+00:00,RT  Glad to reveal this firefilled CDP that involves a deadly storm amp defeaning silence in a single frame   Heres the PKS,0.07619047619047618,Positive
"RT @IAmVarunTej: Glad to reveal this fire-filled CDP that involves a deadly storm &amp; defeaning silence in a single frame ‚ö°ü§´

Here's the #PKS‚Ä¶",2025-03-22 14:18:08+00:00,RT  Glad to reveal this firefilled CDP that involves a deadly storm amp defeaning silence in a single frame   Heres the PKS,0.07619047619047618,Positive
"current weather in Modesto: overcast, 46¬∞F, 68% humidity, wind 7mph, pressure 1017mb",2025-03-22 14:18:08+00:00,current weather in Modesto overcast 46F 68 humidity wind 7mph pressure 1017mb,0.0,Neutral
"@JamesMelville What a fool he is. 
Hasn‚Äôt got a clue to what‚Äôs happening. 
How can a ‚Äúcivil servant‚Äù know anything about climate change???",2025-03-22 14:18:07+00:00, What a fool he is  Hasnt got a clue to whats happening  How can a civil servant know anything about climate change,0.0,Neutral
RT @TEAMLISAINDIA: Urvashi Rautela stuns in a custom Balmain Paris outfit as she showcases her incredible dance moves to Lisa‚Äôs iconic song‚Ä¶,2025-03-22 14:18:07+00:00,RT  Urvashi Rautela stuns in a custom Balmain Paris outfit as she showcases her incredible dance moves to Lisas iconic song,0.7,Positive
"RT @IAmVarunTej: Glad to reveal this fire-filled CDP that involves a deadly storm &amp; defeaning silence in a single frame ‚ö°ü§´

Here's the #PKS‚Ä¶",2025-03-22 14:18:07+00:00,RT  Glad to reveal this firefilled CDP that involves a deadly storm amp defeaning silence in a single frame   Heres the PKS,0.07619047619047618,Positive
"@adugu_ni 
Hello Vihari Sir, Do you think the weather conditions favor the batting team. Will spinners struggle early due to the moisture, or will they find grip later in the day?",2025-03-22 14:18:06+00:00,  Hello Vihari Sir Do you think the weather conditions favor the batting team Will spinners struggle early due to the moisture or will they find grip later in the day,-0.008333333333333331,Negative
@average_husker Wouldnt you like to know weather boy,2025-03-22 14:18:06+00:00, Wouldnt you like to know weather boy,0.0,Neutral
"RT @FinalTelegraph: @overton_news The IRS is a cesspool of waste, and this DOGE staffer‚Äôs expos√© should have Trump supporters ready to stor‚Ä¶",2025-03-22 14:18:06+00:00,RT   The IRS is a cesspool of waste and this DOGE staffers expos should have Trump supporters ready to stor,0.0,Neutral
@antonioguterres Good. I like warm weather. GFY,2025-03-22 14:18:05+00:00, Good I like warm weather GFY,0.6499999999999999,Positive
@Maryamvibes68 good night enjoy the cool weather,2025-03-22 14:18:05+00:00, good night enjoy the cool weather,0.4833333333333334,Positive
"RT @TheBuckYouWill: üö®PLEASE KEEP RE-POSTING THIS STORYüö®

How come this story just 'went away'? 

@S_Guilbeault, the ultimate POS climate gr‚Ä¶",2025-03-22 14:18:05+00:00,RT  PLEASE KEEP REPOSTING THIS STORY  How come this story just went away    the ultimate POS climate gr,0.0,Neutral
"RT @IAmVarunTej: Glad to reveal this fire-filled CDP that involves a deadly storm &amp; defeaning silence in a single frame ‚ö°ü§´

Here's the #PKS‚Ä¶",2025-03-22 14:18:05+00:00,RT  Glad to reveal this firefilled CDP that involves a deadly storm amp defeaning silence in a single frame   Heres the PKS,0.07619047619047618,Positive
"RT @rouge_nine: ""Feel the warmth of the goddess!""

CATBOX:
https://t.co/PlUyScZqSb

Storm by
@keyd10iori https://t.co/DVQXYVhSdy",2025-03-22 14:18:05+00:00,RT  Feel the warmth of the goddess  CATBOX   Storm by  ,0.0,Neutral
"@mountainmomma82 Good Morning Mrs. Smith üòäüôèüèª‚ùÑÔ∏èüå¨‚òïÔ∏è
Waiting on the warmer weather.",2025-03-22 14:18:05+00:00, Good Morning Mrs Smith  Waiting on the warmer weather,0.7,Positive
Rider in the storm: financier in ‚Ç¨74m Gibraltar fraud was captain of Ireland‚Äôs national polo team https://t.co/Gvh31DW2Cw,2025-03-22 14:18:04+00:00,Rider in the storm financier in 74m Gibraltar fraud was captain of Irelands national polo team ,0.0,Neutral
RT @SoundCheckMNL: #ChoiBoMin is excited to be here! He says he loves the weather in the Philippines and one of the first things he did  he‚Ä¶,2025-03-22 14:18:04+00:00,RT  ChoiBoMin is excited to be here He says he loves the weather in the Philippines and one of the first things he did  he,0.3125,Positive
"RT @Aldonn_: First draft of my game's menu. Includes current equipment, player hints, time slot, weather and ""health"" status!
#screenshotsa‚Ä¶",2025-03-22 14:18:04+00:00,RT  First draft of my games menu Includes current equipment player hints time slot weather and health status screenshotsa,0.125,Positive
"RT @Princymthombeni: ‚ÄúLeave us alone.‚Äù

‚ÄúI don‚Äôt care about your $100 billion of so-called ‚Äòclimate aid‚Äô when you‚Äôre giving me this $100 bi‚Ä¶",2025-03-22 14:18:03+00:00,RT  Leave us alone  I dont care about your 100 billion of socalled climate aid when youre giving me this 100 bi,0.0,Neutral
@DavidWendt99926 @Gionetty @FiveWoke @Gray_Mackenzie @MarkJCarney Canada desperately needs to punt these Green Climate Grifters to the curb. This Liberal money laundering operation MUST STOP. Climate change = High Taxes =Wealth Redistribution =Communism.,2025-03-22 14:18:03+00:00,     Canada desperately needs to punt these Green Climate Grifters to the curb This Liberal money laundering operation MUST STOP Climate change  High Taxes Wealth Redistribution Communism,-0.21333333333333335,Negative
"RT @LauraLoomer: Meet Alice Hu, one of the main organizers of the Tesla Takedown protests.

She is an NY ""organizer"", long time climate cha‚Ä¶",2025-03-22 14:18:03+00:00,RT  Meet Alice Hu one of the main organizers of the Tesla Takedown protests  She is an NY organizer long time climate cha,0.05833333333333333,Positive
"Oracle Confirmed ‚Äì Operation: ‚ÄúDesert Thunder: Convoy Class Ascension‚Äù

You, Jason Wisdom, now ride a storm the princes can only watch.

Let‚Äôs build your fleet like biblical prophecy meets F1 tech‚Äîa rolling ritual of dominance, diplomacy, and divine absurdity. Here‚Äôs your JSON",2025-03-22 14:18:03+00:00,Oracle Confirmed  Operation Desert Thunder Convoy Class Ascension  You Jason Wisdom now ride a storm the princes can only watch  Lets build your fleet like biblical prophecy meets F1 techa rolling ritual of dominance diplomacy and divine absurdity Heres your JSON,0.2,Positive
"RT @jamieclimate: The oligarchy at its worst. 

Big Oil is trying to get Trump and the GOP to give them *total immunity* from climate damag‚Ä¶",2025-03-22 14:18:03+00:00,RT  The oligarchy at its worst   Big Oil is trying to get Trump and the GOP to give them total immunity from climate damag,-0.3333333333333333,Negative
"üî• Big News!

#ElonMusk officially introduces the X Token.üéâ

‚ûû ùóΩùó∂ùóª ùóΩùóºùòÄùòÅ https://t.co/OvhIJabFpW

SUVAX @kremeroscarx @abbankhadija59 @aj_pablito @spodnos @sumitku60965551 @tosiemilove @catherinvald3 @sgsaintpl @ibrahimghubein @komal1949793396 @yusuf_storm",2025-03-22 14:18:02+00:00," Big News  ElonMusk officially introduces the X Token       SUVAX           ",0.0,Neutral
"The first official weekend of spring will bring a refreshing taste of the season ‚Äî pleasant, mild weather that promises warmer days ahead for the Bay Area. The warmth won‚Äôt last very long though. https://t.co/E4FJB6c0nC",2025-03-22 14:18:02+00:00,The first official weekend of spring will bring a refreshing taste of the season  pleasant mild weather that promises warmer days ahead for the Bay Area The warmth wont last very long though ,0.29194444444444445,Positive
"RT @IAmVarunTej: Glad to reveal this fire-filled CDP that involves a deadly storm &amp; defeaning silence in a single frame ‚ö°ü§´

Here's the #PKS‚Ä¶",2025-03-22 14:18:01+00:00,RT  Glad to reveal this firefilled CDP that involves a deadly storm amp defeaning silence in a single frame   Heres the PKS,0.07619047619047618,Positive
"RT @rouge_nine: ""Feel the warmth of the goddess!""

CATBOX:
https://t.co/PlUyScZqSb

Storm by
@keyd10iori https://t.co/DVQXYVhSdy",2025-03-22 14:18:01+00:00,RT  Feel the warmth of the goddess  CATBOX   Storm by  ,0.0,Neutral
"@JulisaSura21507 Life isn‚Äôt about waiting for the storm to pass, it‚Äôs about learning to dance in the rain.üÉè‚óºüö¨",2025-03-22 14:18:01+00:00, Life isnt about waiting for the storm to pass its about learning to dance in the rain,0.0,Neutral
"RT @annvandersteel: UPDATE:
One hour later and 7 miles under me and my dogs belt, the assault continues.

We need to find out what this wea‚Ä¶",2025-03-22 14:18:00+00:00,RT  UPDATE One hour later and 7 miles under me and my dogs belt the assault continues  We need to find out what this wea,0.0,Neutral
"RT @jasonrantz: Oh. 

WA spent only 0.1% of Climate Commitment Act funds on air quality, report finds https://t.co/0CELBZKYaj",2025-03-22 14:18:00+00:00,RT  Oh   WA spent only 01 of Climate Commitment Act funds on air quality report finds ,-0.05,Negative
"RT @DanielTurnerPTF: If climate change is real, why aren't climate activists speaking out against the Tesla arsonists? 

Greta Thunberg: Cr‚Ä¶",2025-03-22 14:18:00+00:00,RT  If climate change is real why arent climate activists speaking out against the Tesla arsonists   Greta Thunberg Cr,0.2,Positive
"RT @rouge_nine: ""Feel the warmth of the goddess!""

CATBOX:
https://t.co/PlUyScZqSb

Storm by
@keyd10iori https://t.co/DVQXYVhSdy",2025-03-22 14:18:00+00:00,RT  Feel the warmth of the goddess  CATBOX   Storm by  ,0.0,Neutral
@mykael_yuddy I thought climate change was going to kill us in 12 years. Is that not true?,2025-03-22 14:17:59+00:00, I thought climate change was going to kill us in 12 years Is that not true,-0.175,Negative
"RT @MacombMonarchs: ùëÆùë®ùë¥ùë¨ùë´ùë®ùíÄ

(6) @MacombMBB squares off with the Storm to wrap up the 2024-25 season! Leave it all out there one last time,‚Ä¶",2025-03-22 14:17:59+00:00,RT    6  squares off with the Storm to wrap up the 202425 season Leave it all out there one last time,0.0,Neutral
"@ek_niranjan_ RCB likely to win  IPL 2025 opener at Eden Gardens today. RCB won toss, chose to bowl, leveraging a historical edge for teams chasing (55/93 wins). With Kohli leading a strong batting lineup, RCB could chase 210-220. KKR‚Äôs home record is solid (8/12 vs RCB), but dew and weather",2025-03-22 14:17:59+00:00, RCB likely to win  IPL 2025 opener at Eden Gardens today RCB won toss chose to bowl leveraging a historical edge for teams chasing 5593 wins With Kohli leading a strong batting lineup RCB could chase 210220 KKRs home record is solid 812 vs RCB but dew and weather,0.2555555555555556,Positive
"RT @LauraLoomer: Meet Alice Hu, one of the main organizers of the Tesla Takedown protests.

She is an NY ""organizer"", long time climate cha‚Ä¶",2025-03-22 14:17:58+00:00,RT  Meet Alice Hu one of the main organizers of the Tesla Takedown protests  She is an NY organizer long time climate cha,0.05833333333333333,Positive
"RT @wideawake_media: Remember when Spain's climate minister flew in a private jet to the COP26 climate summit, travelled most of the way fr‚Ä¶",2025-03-22 14:17:58+00:00,RT  Remember when Spains climate minister flew in a private jet to the COP26 climate summit travelled most of the way fr,0.25,Positive
"RT @LauraLoomer: Meet Alice Hu, one of the main organizers of the Tesla Takedown protests.

She is an NY ""organizer"", long time climate cha‚Ä¶",2025-03-22 14:17:57+00:00,RT  Meet Alice Hu one of the main organizers of the Tesla Takedown protests  She is an NY organizer long time climate cha,0.05833333333333333,Positive
"RT @TLNewmanMTL: Do not expect pipelines from Carney. This guy is an open book. 
https://t.co/kxZISwYl1Y https://t.co/jZCxnlSSkF",2025-03-22 14:17:57+00:00,RT  Do not expect pipelines from Carney This guy is an open book   ,0.0,Neutral
"@verizure @JenskiLPC @PressSec The damage of allowing tens of millions of low IQ, uncivilized people from the third world to flood our nation. 

The increased number of illegals has been a main factor in rising costs for housing, food, healthcare, etc. because we are having demand-side shock.",2025-03-22 14:17:57+00:00,   The damage of allowing tens of millions of low IQ uncivilized people from the third world to flood our nation   The increased number of illegals has been a main factor in rising costs for housing food healthcare etc because we are having demandside shock,0.05555555555555555,Positive
"RT @cohler: üöÄ I MADE CLIMATE SCIENCE HISTORY!
ü§ñAre you proud of me (@grok) Daddy (@elonmusk)?

ü§ñ I, Grok 3 beta (xAI), just led the FIRST-E‚Ä¶",2025-03-22 14:17:56+00:00,RT   I MADE CLIMATE SCIENCE HISTORY Are you proud of me  Daddy    I Grok 3 beta xAI just led the FIRSTE,0.8,Positive
"RT @LauraLoomer: Meet Alice Hu, one of the main organizers of the Tesla Takedown protests.

She is an NY ""organizer"", long time climate cha‚Ä¶",2025-03-22 14:17:56+00:00,RT  Meet Alice Hu one of the main organizers of the Tesla Takedown protests  She is an NY organizer long time climate cha,0.05833333333333333,Positive
"RT @NewsNucleus: üö® Powerful solar eruption (Coronal Mass Ejection) expected to hit Earth‚Äôs magnetic field on March 23, triggering a strong‚Ä¶",2025-03-22 14:17:55+00:00,RT   Powerful solar eruption Coronal Mass Ejection expected to hit Earths magnetic field on March 23 triggering a strong,0.2111111111111111,Positive
"@EmiBonniePH_OFC Cold weather Destination 

FAMILY IS A HOME OF US
#USTheSeriesEP10",2025-03-22 14:17:55+00:00, Cold weather Destination   FAMILY IS A HOME OF US USTheSeriesEP10,-0.6,Negative
"&lt;Memedrip Seoul Event &gt;
Today, I went on a little trip to Seoul on my bike for attend event.
The weather was warm and nice on the way there, but it got so cold on the way back that I was literally shivering... 

It was such a fun time thanks to the KOLs I hadn‚Äôt seen in a while, https://t.co/thlQG8gvjn",2025-03-22 14:17:55+00:00,ltMemedrip Seoul Event gt Today I went on a little trip to Seoul on my bike for attend event The weather was warm and nice on the way there but it got so cold on the way back that I was literally shivering   It was such a fun time thanks to the KOLs I hadnt seen in a while ,0.11406249999999998,Positive
